Gemeinde,Name,Jahrgang,Alter,Geschlecht,Partei,Präsident,Hinweis
Zell (ZH),Stefan Deinböck,,,m,FDP,,
Zell (ZH),Regula Ehrismann,,,w,EVP,,
Zell (ZH),Patricia Heuberger,,,w,SP,,
Zell (ZH),Markus Kernen,,,m,BGV,,
Zell (ZH),Susanne Stahl,,,w,SP,,
Zell (ZH),Bruno Vollmer,,,m,FDP,,
Wildberg,Dölf Conrad,,63,m,SVP,1,
Wildberg,Roger Bräker,,56,m,parteilos,,
Wildberg,Marcel Flisch,,47,m,parteilos,,
Wildberg,Thomas Kupper,,42,m,parteilos,,
Wildberg,Sabine Oberländer,,52,w,parteilos,,
Rafz,Kurt Altenburger,,,m,SP,1,
Rafz,Markus Berger,,,m,puls8197,,
Rafz,Ursula Wischniewski,,,w,parteilos,,
Rafz,Roman Neukom,,,m,puls8197,,
Rafz,Albin Sigrist-Manzano,,,m,FDP,,
Seegräben,Marco Pezzatti,,,m,FDP,1,
Seegräben,Philipp Küng,,,m,parteilos,,
Seegräben,Reto Gasser,,,m,SVP,,
Seegräben,Katharina Hefti,,,w,parteilos,,
Seegräben,Nicole Fuchs,,,w,parteilos,,
Seegräben,Michael Berchtold,,,m,Gewerbeverein,,
Seegräben,Reto Steinmann,,,m,FDP,,
Schlatt (ZH),Schäfer Urs,,,m,parteilos,1,
Schlatt (ZH),Schellenberg Dieter,,,m,parteilos,,
Schlatt (ZH),Beugger Jacqueline,,,w,parteilos,,
Schlatt (ZH),Fluck Gunner,,,m,parteilos,,
Schlatt (ZH),Müller Karl,,,m,parteilos,,
Langnau am Albis,Grau Reto,,,m,FDP,1,
Langnau am Albis,Grassler Patrick,,,m,SVP,,
Langnau am Albis,Husi Beat,,,m,CVP,,
Langnau am Albis,Murer Dora,,,w,parteilos,,
Langnau am Albis,Keller Virgil,,,m,FDP,,
Langnau am Albis,Rey Lorenz,,,m,SP,,
Langnau am Albis,Schatz Rolf,,,m,glp,,
Fällanden,"Tobias Diener, 1964, FDP",1964,,m,FDP,,
Fällanden,"Maia Ernst, 1955, GLP",1955,,w,glp,,
Fällanden,"Thomas Bürki, 1951, parteilos,",1951,,m,parteilos,,
Fällanden,"Ruedi Maurer, 1963, parteilos",1963,,m,parteilos,,
Fällanden,"Rita Niederöst, 1961, SP",1961,,w,SP,,
Fällanden,"Chris Rossmann, 1971, FDP",1971,,m,FDP,,
Fällanden,"Schärer Pierre-André, 1958, parteilos",1958,,m,parteilos,,
Stallikon,"Werner Michel, 1949, parteilos",1949,,m,parteilos,,
Stallikon,"Robert Sidler, 1955, SVP",1955,,m,SVP,,
Stallikon,"Monika Rohr, 1952, FDP",1952,,w,FDP,,
Stallikon,"Valerie Battiston, 1970, parteilos",1970,,w,parteilos,,
Stallikon,"Remo Hablützel, 1983, FDP",1983,,m,FDP,,
Stallikon,"Ingrid Spiess, 1956, EVP",1956,,w,EVP,,
Laufen-Uhwiesen,"- Knill Matthias, geb. 8.1.1964, Gemeinderat, parteilos",1964,,m,parteilos,,
Laufen-Uhwiesen,"- Landucci Liliane, geb. 18.2.1957, Gemeinderätin, parteilos",1957,,w,parteilos,,
Laufen-Uhwiesen,"- Nohl Peter, geb. 13.12.1956, Gemeinderat, parteilos",1956,,m,parteilos,,
Laufen-Uhwiesen,"- Palmisani Giancarlo, geb. 14.12.1968, Gemeinderat, FDP",1968,,m,FDP,,
Laufen-Uhwiesen,"- Rohrbach Serge, geb. 12.4.1965, Gemeindepräsident, parteilos",1965,,m,parteilos,,
Männedorf,Wolfgang Annighöfer,1957,,m,FDP,,
Männedorf,Roger Dänzer,1953,,m,SP,,
Männedorf,Giampaolo Fabris,1956,,m,FDP,,
Männedorf,Daniela Halder,1959,,w,CVP,,
Männedorf,Thomas Lüthi,1966,,m,SVP,,
Männedorf,Erich Meier,1956,,m,glp,,
Männedorf,André Thouvenin,1946,,m,FDP,,
Dällikon,"Bitterli René, Präsident, FDP, 28.3.1967",1967,,m,FDP,1,
Dällikon,"·  Fahrni Susanne, parteilos, 7.11.1966",1966,,w,parteilos,,
Dällikon,"·  Huber Marc, parteilos, 13.3.1966",1966,,m,parteilos,,
Dällikon,"·  Koch Max, SVP, 27.2.1955",1955,,m,SVP,,
Dällikon,"·  Rau Caroline, SVP, 6.3.1965",1965,,w,SVP,,
Dällikon,"·  Schibli Stefan, SVP, 7.8.1978",1978,,m,SVP,,
Elsau,"Frutiger, Jürg",,,m,FDP,1,"Achtung, Partei nicht auf Person zutreffend!"
Elsau,"Renggli, Ueli",,,m,FDP,,"Achtung, Partei nicht auf Person zutreffend!"
Elsau,"Bayer, Elisabeth",,,w,FDP,,"Achtung, Partei nicht auf Person zutreffend!"
Elsau,"Kälin, Daniel",,,m,SVP,,"Achtung, Partei nicht auf Person zutreffend!"
Elsau,"Loher, Adrian",,,m,SVP,,"Achtung, Partei nicht auf Person zutreffend!"
Elsau,"Meier, Andreas",,,m,SP,,"Achtung, Partei nicht auf Person zutreffend!"
Elsau,"Schmid, Daniel",,,m,parteilos,,"Achtung, Partei nicht auf Person zutreffend!"
Bachenbülach,"Biber Michael, 1982, Polizeidetektiv, Grossenstein 12, FDP, bisher",1982,,m,FDP,1,
Bachenbülach,"·  Cavegn Arthur, 1961, Geschäftsleiter, Püntenstrasse 14, FDP, bisher",1961,,m,FDP,,
Bachenbülach,"·  Dietrich Walter, 1953, Verkaufsleiter, Zürichstrasse 15, SVP, bisher",1953,,m,SVP,,
Bachenbülach,"·  Maag Stefan, 1971, Unternehmer, Zürichstrasse 24, SVP, neu",1971,,m,SVP,,
Bachenbülach,"·  Mäder Daniel, 1963, dipl. Ing. ETH, Chürzi 10, FDP, neu",1963,,m,FDP,,
Bachenbülach,"·  Panholzer René, 1958, Leiter RAV Bülach, Püntenstrasse 1, CVP, bisher",1958,,m,CVP,,
Bachenbülach,"·  Plath Andreas, 1964, Geschäftsführer, Rennweg 6, EVP, bisher",1964,,m,EVP,,
Marthalen,"Matthias Stutz, Gemeindepräsident, 1975, SVP",1975,,m,SVP,1,
Marthalen,"Bättig Michaela, Gemeinderätin, 1971, parteilos (Bürgerforum)",1971,,w,parteilos,,
Marthalen,"Dünki Conny, Gemeinderätin, 1970, parteilos",1970,,w,parteilos,,
Marthalen,"Friedrich Susanne, Gemeinderätin, 1967, SVP",1967,,w,SVP,,
Marthalen,"Griesser Hohl Barbara, Gemeinderätin, 1969, parteilos (Bürgerforum)",1969,,w,parteilos,,
Marthalen,"Mäder Gilbert, Gemeinderat, 1974, SVP",1974,,m,SVP,,
Marthalen,"Woodtli Hugo, Gemeinderat, 1961, parteilos",1961,,m,parteilos,,
Bachs,"Hunziker Emanuel, Gemeindepräsident, parteilos, 56 Jahre",,56,m,parteilos,1,
Bachs,"Baltisser Isabelle, Gemeinderätin, parteilos, 50 Jahre",,50,w,parteilos,,
Bachs,"Meierhofer Heinz, Gemeinderat, FDP, 56 Jahre",,56,m,FDP,,
Bachs,"Spahni Thomas, Gemeinderat, parteilos, 44 Jahre",,44,m,parteilos,,
Bachs,"Wirth Manfred, Gemeinderat, parteilos, 57 Jahre",,57,m,parteilos,,
Feuerthalen,Tonino D'Ascanio,1969,,m,glp,1,
Feuerthalen,Jürg Grau,1954,,m,SVP,,
Feuerthalen,Matthias Huber,1963,,m,SVP,,
Feuerthalen,Yvonne Schwaninger,1953,,w,parteilos,,
Feuerthalen,Markus Späth,1953,,m,SP,,
Feuerthalen,Michael Trachsel,1980,,m,SVP,,
Feuerthalen,Igor Zanon,1967,,m,FDP,,
Rorbas,"Lips Martin, Gemeindepräsident, parteilos, Jg. 1963",1963,,m,parteilos,1,
Rorbas,"Grüter Barbara, Vizepräsidentin, SVP, Jg. 1976",1976,,w,SVP,,
Rorbas,"Strässler Bruno, EVP, Jg. 1970",1970,,m,EVP,,
Rorbas,"Strässle Stephan, SVP, Jg. 1972",1972,,m,SVP,,
Rorbas,"Huber Michél, FDP, Jg. 1959",1959,,m,FDP,,
Boppelsen,"Albrecht Hans-Heinrich, SVP, geb. 1961",1961,,m,SVP,1,
Boppelsen,"Zahler Erika, SVP, geb. 1960",1960,,w,SVP,,
Boppelsen,"Gerber Regina, parteilos, geb. 1976",1976,,w,parteilos,,
Boppelsen,"Fingerhuth Florian, FDP, geb. 1970",1970,,m,FDP,,
Boppelsen,"Mäder Eveline, SVP, geb. 1960",1960,,w,SVP,,
Oetwil an der Limmat,Rahel von Planta FDP 47 Jahre alt (Gemeindepräsidentin),,47,w,FDP,1,
Oetwil an der Limmat,Thomas Bernegger CVP 55 Jahre alt,,55,m,CVP,,
Oetwil an der Limmat,Matthias Zehnder FDP 44 Jahre alt,,44,m,FDP,,
Oetwil an der Limmat,Enrico Frei SVP 64 Jahre alt,,64,m,SVP,,
Oetwil an der Limmat,Hagenbucher Roland SVP 58 Jahre alt,,58,m,SVP,,
Andelfingen,"Jucker, Hansruedi geb. März 1960 (59 Jahre), parteilos",1960,,m,parteilos,,
Andelfingen,"-  Müller, Peter geb. April 1960 (59 Jahre), FDP",1960,,m,FDP,,
Andelfingen,"-  Amsler, Stéphanie geb. Januar 1965 (55 Jahre), parteilos",1965,,w,parteilos,,
Andelfingen,"-  Tunkel, Markus geb. Oktober 1966 (53 Jahre),SVP",1966,,m,SVP,,
Andelfingen,"-  Violi, Roberto geb. November 1964 (55 Jahre), parteilos",1964,,m,parteilos,,
Hüttikon,"Markus Imhof, geb. 1955, SVP",1955,,m,SVP,,
Hüttikon,"Beatrice Derrer, geb. 1972, SVP",1972,,w,SVP,,
Hüttikon,"Thomas Lüssi, geb. 1960, parteilos",1960,,m,parteilos,,
Hüttikon,"Andrea Landolt, geb. 1978, parteilos",1978,,w,parteilos,,
Hüttikon,"Oliver Wiederkehr, geb. 1980, parteilos",1980,,m,parteilos,,
Neerach,MARKUS ZINK,,,m,parteilos,1,"Achtung, Partei nicht zugeordnet!"
Neerach,MARTIN ENGELHARD,,,m,parteilos,,"Achtung, Partei nicht zugeordnet!"
Neerach,KARL-HEINZ MEYER,,,m,parteilos,,"Achtung, Partei nicht zugeordnet!"
Neerach,SALLY ALBRECHT,,,w,parteilos,,"Achtung, Partei nicht zugeordnet!"
Neerach,WILLY BREITER,,,m,SVP,,"Achtung, Partei nicht zugeordnet!"
Bonstetten,"Leuenberger Erwin, 1948, Partei: keine Angabe auf dem Wahlzettel",1948,,m,parteilos,,
Bonstetten,"Kappeler Christina, 1968, Partei: keine Angabe auf dem Wahlzettel",1968,,w,parteilos,,
Bonstetten,"Reich Markus, 1976, Partei: FDP",1976,,m,FDP,,
Bonstetten,"Vergés Simon, 1996, Partei: SP",1996,,m,SP,,
Bonstetten,"Moser Arianne, 1965, Partei: FDP",1965,,w,FDP,,
Bonstetten,"Schlüchter Heinz, 1957, Partei: keine Angabe auf dem Wahlzettel",1957,,m,parteilos,,
Bauma,"Gemeindepräsident Andreas Sudler, geb. 1970, parteilos",1970,,m,parteilos,,
Bauma,"Gemeinderätin Manuela Burkhalter, geb. 1969, SVP",1969,,w,SVP,,
Bauma,"Gemeinderat Flavio Carraro, geb. 1963, parteilos",1963,,m,parteilos,,
Bauma,"Schulpräsidentin Karin Inauen, geb. 1968, SVP",1968,,w,SVP,,
Bauma,"Gemeinderat Géza Kanabé, geb. 1955, parteilos",1955,,m,parteilos,,
Bauma,"Gemeinderat Hans Rudolf Spörri, geb. 1954, parteilos",1954,,m,parteilos,,
Bauma,"Gemeinderätin Heidi Weiss, geb. 1965, EVP",1965,,w,EVP,,
Egg,"Tobias V. Bolliger FDP Gemeindepräsident , Jg. 1963",1963,,m,FDP,1,
Egg,"Bettina Baumgartner FDP Gemeinderätin, Jg. 1963",1963,,w,FDP,,
Egg,"Christoph Domeisen parteilos Gemeinderat, JG 1973",1973,,m,parteilos,,
Egg,"Beatrice Gallin parteilos Gemeinderätin und Schulpräsidentin, Jg. 1965",1965,,w,parteilos,,
Egg,"Erich Haller FDP Gemeinderat, Jg. 1959",1959,,m,FDP,,
Egg,"Corinne Huber proEgg Gemeinderätin, 1974",1974,,w,proEgg,,
Egg,"Markus Ramsauer SVP Vizepräsident Gemeinderat, 1964",1964,,m,SVP,,
Winkel,"Marcel Nötzli, Gemeindepräsident, SVP, Jahrgang 1971",1971,,m,SVP,1,
Winkel,"Dominik Bänninger, Gemeinderat, SVP, Jahrgang 1972",1972,,m,SVP,,
Winkel,"Mariano De Palatis, Gemeinderat, SVP, Jahrgang 1965",1965,,m,SVP,,
Winkel,"Christian Erzinger, Gemeinderat, FDP, Jahrgang 1958",1958,,m,FDP,,
Winkel,"Reto Huber, Gemeinderat, SVP, Jahrgang 1960",1960,,m,SVP,,
Niederweningen,"Andrea Weber: 59 Jahre, Jg. 1960 (Präsidentin)",1960,,w,parteilos,1,
Niederweningen,"Mark Staub: 62 Jahre, Jg. 1957 (Vizepräsident)",1957,,m,parteilos,,
Niederweningen,"Martin Eberhard: 51 Jahre, Jg. 1968",1968,,m,parteilos,,
Niederweningen,"Christian Moser: 56 Jahre, Jg. 1963",1963,,m,parteilos,,
Niederweningen,"Ruth Weber: 72 Jahre, Jg. 1947",1947,,w,parteilos,,
Uitikon,"1. Bereuter Susanne, 1963, Anwältin, parteilos",1963,,w,parteilos,,
Uitikon,"2. Hoppler Markus, 1959, Betriebs-Oek. HWV, CVP",1959,,m,CVP,,
Uitikon,"3. Linder Chris, 1952, Betriebs-Oek. MBA, FDP",1952,,m,FDP,,
Uitikon,"4. Schelling Walter A., 1982, Sekundarschullehrer, SVP",1982,,m,SVP,,
Uitikon,"5. Schwendimann Daniel, 1960, Unternehmer, FDP",1960,,m,FDP,,
Uitikon,"6. Stäheli Markus, 1956, Baufachmann, SVP",1956,,m,SVP,,
Uitikon,"7. Wolf Patrik, 1963, Selbständig, FDP",1963,,m,FDP,,
Wila,"Gemeindepräsident Hans-Peter Meier, SVP, Jahrgang 1952",1952,,m,SVP,1,
Wila,"Gemeinderat Sacha Huber, parteilos, Jahrgang, 1984",1984,,m,parteilos,,
Wila,"Gemeinderat Simon Mösch, BDP, Jahrgang 1994",1994,,m,BDP,,
Wila,"Gemeinderat Sandro Turcati, SP, Jahrgang 1968",1968,,m,SP,,
Wila,"Gemeinderat Fredi Waldvogel, parteilos, Jahrgang 1964",1964,,m,parteilos,,
Wald (ZH),Cathrein Urs,1958,,m,FDP,,
Wald (ZH),Croci Rico,1965,,m,Grüne,,
Wald (ZH),Hess Albert,1958,,m,SVP,,
Wald (ZH),Heusser Ammann Fränzi,1972,,w,parteilos,,
Wald (ZH),Kocher Ernst,1958,,m,SVP,,
Wald (ZH),Odermatt Andreas,1977,,m,SVP,,
Wald (ZH),Peter Rosaria,1976,,w,FDP,,
Wiesendangen,"Urs Borer (Präsident), FDP, geb. 1958",1958,,m,FDP,1,
Wiesendangen,"Brigitte Boller, EVP, geb. 1951",1951,,w,EVP,,
Wiesendangen,"Lucia Gerber, GLP, geb. 1954",1954,,w,glp,,
Wiesendangen,"Bettina Huber, FDP, geb. 1970",1970,,w,FDP,,
Wiesendangen,"Stefan Nigg, parteilos, geb. 1954",1954,,m,parteilos,,
Wiesendangen,"Manfred Steger, parteilos, geb. 1964",1964,,m,parteilos,,
Wiesendangen,"Zuzana Wyss, CVP, geb. 1962",1962,,w,CVP,,
Zumikon,"Jürg Eberhard, Gemeindepräsident, FDP, Alter 55 Jahre (Dezember 1964)",1964,,m,FDP,,
Zumikon,"Marc Bohnenblust, 1. Vizepräsident, GLP, Alter 60 Jahre (März 1959)",1959,,m,glp,,
Zumikon,"Stefan Bührer, Gemeinderat, FDP, Alter 46 Jahre (September 1973)",1973,,m,FDP,,
Zumikon,"Christian Dietsche, Gemeinderat, SVP, Alter 53 Jahre (Dezember 1966)",1966,,m,SVP,,
Zumikon,"Thomas Epprecht, Gemeinderat, FDP, Alter 64 Jahre (März 1955)",1955,,m,FDP,,
Zumikon,"André Hartmann, Gemeinderat, SVP, Alter 34 Jahre (August 1985)",1985,,m,SVP,,
Zumikon,"Andreas Hugi, 2. Vizepräsident, FDP, Alter 48 Jahre (April 1971)",1971,,m,FDP,,
Kilchberg (ZH),Martin Berger,,,m,FDP,1,"Achtung, Partei nicht zugeordnet"
Kilchberg (ZH),Barbara Baruffol,,,w,FDP,,"Achtung, Partei nicht zugeordnet"
Kilchberg (ZH),Susanne Gilg-Rychener,,,w,FDP,,"Achtung, Partei nicht zugeordnet"
Kilchberg (ZH),Dieter Lehner,,,m,glp,,"Achtung, Partei nicht zugeordnet"
Kilchberg (ZH),Christian Benz,,,m,parteilos,,"Achtung, Partei nicht zugeordnet"
Kilchberg (ZH),Remo Moser,,,m,parteilos,,"Achtung, Partei nicht zugeordnet"
Kilchberg (ZH),Tina Neuenschwander,,,w,parteilos,,"Achtung, Partei nicht zugeordnet"
Flaach,Staub Walter (Gemeindepräsident),,52,m,FDP,1,
Flaach,Zimmermann Reto (Vizepräsident),,46,m,Parteilos,,
Flaach,Frauenfelder Barbara,,37,w,Parteilos,,
Flaach,Horat Stefan,,51,m,Parteilos,,
Flaach,Thiessen Martin,,44,m,Parteilos,,
Dietlikon,Zuber Edith,1959,,w,SVP,,
Dietlikon,Flach Philipp,1970,,m,SP,,
Dietlikon,Schüpbach Marc,1980,,m,FDP,,
Dietlikon,Würsch Roger,1964,,m,BVD (Bürgerliche Vereinigung Dietlikon),,
Dietlikon,Wyss-Cortellini Cristina,1972,,w,glp,,
Regensdorf,Max Walter,1957,,m,SVP,1,
Regensdorf,Hans-Rudolf Frei,1956,,m,SVP,,
Regensdorf,Beat Hartmann,1977,,m,Forum02,,
Regensdorf,Marc Hunziker,1963,,m,FDP,,
Regensdorf,Stefan Marty,1965,,m,parteilos,,
Regensdorf,Daniel Noger,1957,,m,CVP,,
Regensdorf,Bruno Weder,1958,,m,CVP,,
Volketswil,"Jean-Philippe Pinto, CVP, 1966",1966,,m,CVP,,
Volketswil,"·  Christoph Keller, parteilos, 1953",1953,,m,parteilos,,
Volketswil,"·  Regina Arter, SVP, 1966",1966,,w,SVP,,
Volketswil,"·  Karin Ayar, FDP, 1963",1963,,w,FDP,,
Volketswil,"·  Daniel North, FDP, 1963",1963,,m,FDP,,
Volketswil,"·  Michael De Vita-Läubli, GLP, 1987",1987,,m,glp,,
Volketswil,"·  Christian Knechtle, SVP, 1955",1955,,m,SVP,,
Dinhard,Peter Matzinger (Präsident),,69,m,SVP,1,
Dinhard,Ernst Huber,,60,m,SVP,,
Dinhard,Hanspeter Steiner,,61,m,SVP,,
Dinhard,Sandra Lüscher,,48,w,parteilos,,
Dinhard,Karin Hasler,,52,w,SVP,,
Maschwanden,Christian Gabathuler,,,m,parteilos,1,
Maschwanden,Keila Gruber,,,w,parteilos,,
Maschwanden,Michael Schuler,,,m,parteilos,,
Maschwanden,Priska Dosch,,,w,parteilos,,
Maschwanden,Christian Bachmann,,,m,parteilos,,
Embrach,"Baumgartner Philipp, geb. 1963, parteilos",1963,,m,parteilos,,
Embrach,"Bernhardsgrütter Derungs Rebekka, geb. 1968, CVP",1968,,w,CVP,,
Embrach,"Bosshard Silvia, geb. 1961, SVP",1961,,w,SVP,,
Embrach,"Erhard Büchi, geb. 1951, FDP",1951,,m,FDP,,
Embrach,"Dietrich Hans, geb. 1955, CVP",1955,,m,CVP,,
Embrach,"Vögeli Heiner, geb. 1964, SVP",1964,,m,SVP,,
Embrach,"Zehnder Roland, geb. 1962, FDP",1962,,m,FDP,,
Hüntwangen,"Matthias Hauser (Präsident), SVP, Jg. 1973",1973,,m,SVP,,
Hüntwangen,"Daniel Spühler, parteilos, Jg. 1967",1967,,m,parteilos,,
Hüntwangen,"Peter Merkt, SVP, Jg. 1964",1964,,m,SVP,,
Hüntwangen,"Grazia Rainone, SVP, Jg. 1967",1967,,w,SVP,,
Hüntwangen,"Heidi Schnyder, Parteilos, Jg. 1964",1964,,w,parteilos,,
Neftenbach,"Reding Vestner, Maja",1966,,w,Freie Wähler Neftenbach,1,
Neftenbach,"Brandenberger, Beat",1979,,m,SVP,,
Neftenbach,"Itin, Silvia",1964,,w,Freie Wähler Neftenbach,,
Neftenbach,"Meier, Peter",1961,,m,glp,,
Neftenbach,"Müller, Urs",1958,,m,SVP,,
Neftenbach,"Ruf, Markus",1975,,m,Freie Wähler Neftenbach,,
Neftenbach,"Wuffli, Urs",1954,,m,FDP,,
Freienstein-Teufen,"Oliver Müller, Jg. 1964",1964,,m,Parteilos,1,
Freienstein-Teufen,"Christof Benz, Jg. 1957",1957,,m,SVP,,
Freienstein-Teufen,"Simona Hofmann, Jg. 1984",1984,,w,Parteilos,,
Freienstein-Teufen,"Saskia Meyer, Jg. 1979",1979,,w,SVP,,
Freienstein-Teufen,"Rolf Weibel, Jg. 1961",1961,,m,Parteilos,,
Meilen,Dr. Christoph Hiller,1960,,m,FDP,1,
Meilen,Irene Ritz-Anderegg,1959,,w,SP,,
Meilen,Peter Jenny,1956,,m,SVP,,
Meilen,Verena Bergmann-Zogg,1964,,w,FDP,,
Meilen,Heini Bossert,1954,,m,FDP,,
Meilen,Alain Chervet,1968,,m,FDP,,
Meilen,Hanspeter Göldi,1960,,m,SP,,
Meilen,Cordula Kaiss-Hess,1959,,w,FDP,,
Meilen,Thomas Steiger,1972,,m,parteilos,,
Oetwil am See,"Hess Jürg, Gemeindepräsident, parteilos, 54 Jahre",,54,m,parteilos,1,
Oetwil am See,"Bakker Thomas, Infrastrukturvorsteher und Vizepräsident, parteilos, 49 Jahre",,49,m,parteilos,,
Oetwil am See,"Gangshontsang Namgyal, Sicherheitsvorsteher, parteilos, 42 Jahre",,42,m,parteilos,,
Oetwil am See,"Hasler Daniel, Bau- und Liegenschaftenvorsteher, FDP, 46 Jahre",,46,m,FDP,,
Oetwil am See,"Küng Peter, Finanzvorsteher, parteilos, 59 Jahre",,59,m,parteilos,,
Oetwil am See,"Läubli Tamara, Schulvorsteherin, parteilos, 53 Jahre",,53,w,parteilos,,
Oetwil am See,"Pally Thomas, Sozialvorsteher, SVP, 52 Jahre",,52,m,SVP,,
Herrliberg,"Gaudenz Schwitter, 1971, FDP",1971,,m,FDP,,
Herrliberg,"·  Werner Staub, 1960, Gemeindeverein",1960,,m,Gemeindeverein,,
Herrliberg,"·  Thomas Dinkel, 1959, FDP",1959,,m,FDP,,
Herrliberg,"·  Marion Bartels, 1966, SVP",1966,,w,SVP,,
Herrliberg,"·  Joel W. Gieringer, 1973, FDP",1973,,m,FDP,,
Herrliberg,"·  Markus Trinkner, 1960, SVP",1960,,m,SVP,,
Herrliberg,"·  Hansjürg Zollinger, 1955, Gemeindeverein",1955,,m,Gemeindeverein,,
Oberweningen,"Richard Ilg, Gemeindepräsident, 1956",1956,,m,parteilos,,
Oberweningen,"Melissa Hösli-Vorrasi, 1968",1968,,w,parteilos,,
Oberweningen,"Michael Zbinden, 1961",1961,,m,parteilos,,
Oberweningen,"Beat Aeschbacher, FDP, 1969",1969,,m,FDP,,
Oberweningen,"Stephan König, 1962",1962,,m,parteilos,,
Turbenthal,Brunner Georg FDP 1961,1961,,m,FDP,,
Turbenthal,·  Fehr Walter Bürgerlicher Gemeindeverein 1966,1966,,m,Gemeindeverein,,
Turbenthal,·  Fenner Katharina FDP  1963,1963,,w,FDP,,
Turbenthal,·  Gubler René FDP  1966,1966,,m,FDP,,
Turbenthal,·  Ruzicka Karin parteilos  1967,1967,,w,parteilos,,
Turbenthal,·  Schwender Roger parteilos  1965,1965,,m,parteilos,,
Turbenthal,·  Schwyter Heinz M. parteilos  1957,1958,,m,parteilos,,
Stadel,"Dieter Schaltegger, 57-jährig, Gemeindepräsident (SVP)",,57,m,SVP,,
Stadel,"Reto Grossmann, 43-jährig, Gemeinderat (parteilos)",,43,m,parteilos,,
Stadel,"Jean-Claude Frischknecht, 53-jährig, Gemeinderat (parteilos)",,53,m,parteilos,,
Stadel,"Daniela Huber, 53-jährig, Gemeinderätin (parteilos)",,53,w,parteilos,,
Stadel,"Rico Barandun, 47-jährig, Gemeinderat (FDP)",,47,m,FDP,,
Stadel,"Marion Schneider, 39-jährig, Gemeinderätin (parteilos)",,39,w,parteilos,,
Stadel,"Hannes Rindlisbacher, 49-jährig, Gemeinderat (parteilos)",,49,m,parteilos,,
Urdorf,Rottensteiner Sandra,,,w,EVP,1,
Urdorf,Hächler Thomas,,,m,FDP,,
Urdorf,Rimensberger Urs,,,m,parteilos,,
Urdorf,Herren Andreas,,,m,SP,,
Urdorf,Buchs Olivier,,,m,FDP,,
Urdorf,Follador Danilo,,,m,CVP,,
Urdorf,Stutz Adrian,,,m,SVP,,
Aeugst am Albis,GP Nadia Hausheer 1965,1956,,w,FDP,1,
Aeugst am Albis,GR Christoph Berberat 1967,1967,,m,parteilos,,
Aeugst am Albis,GR Marlyse Blatter Burger 1959,1959,,w,FDP,,
Aeugst am Albis,GR Bruno Fuchs 1951,1951,,m,Forum Aeugst,,
Aeugst am Albis,GR Rebekka Manso Parada 1958,1958,,w,FDP,,
Aeugst am Albis,GR Matthias Ramer 1966,1966,,m,parteilos,,
Aeugst am Albis,GR Gisèle Stoller Laubi 1971,1971,,w,Forum Aegst,,
Unterengstringen,"Wirth, Simon, 1947",1947,,m,FDP,1,
Unterengstringen,"Biesuz, Gisela, 1956",1956,,w,SVP,,
Unterengstringen,"Balmer, Marcel, 1968",1968,,m,SVP,,
Unterengstringen,"Fries, Beat, 1961",1961,,m,parteilos,,
Unterengstringen,"Muntwyler, Urs, 1953",1953,,m,FDP,,
Unterengstringen,"Nydegger, Markus, 1975",1975,,m,SVP,,
Unterengstringen,"Te, Yiea Wey, 1983",1983,,m,FDP,,
Gossau (ZH),"Jörg Kündig, Gemeindepräsident, FDP, 59 Jahre alt",,59,m,FDP,1,
Gossau (ZH),"·  Daniel Baldenweg, EVP, 64 Jahre alt",,64,m,EVP,,
Gossau (ZH),"·  Giorgiano Salvatore, parteilos, 56 Jahre alt",,56,m,parteilos,,
Gossau (ZH),"·  Elisabeth Pflugshaupt, SVP, 58 Jahre alt",,58,w,SVP,,
Gossau (ZH),"·  Katharina Schlegel, Politisches Frauenpodium Gossau ZH, 57 Jahre alt",,57,w,Politisches Frauenpodium Gossau ZH,,
Gossau (ZH),"·  Sylvia Veraguth Bamert, Politisches Frauenpodium Gossau ZH, 50 Jahre alt",,50,w,Politisches Frauenpodium Gossau ZH,,
Gossau (ZH),"·  Heinrich Wintsch, SPV, 61 Jahre alt (<- partei falsch: SVP)",,61,m,SVP,,
Richterswil,Tanner Marcel,,42,m,FDP,,"Achtung, Partei und Alter nicht zugeordnet!"
Richterswil,Züger Melanie,,49,w,FDP,,"Achtung, Partei und Alter nicht zugeordnet!"
Richterswil,Oertle Markus,,68,m,FDP,,"Achtung, Partei und Alter nicht zugeordnet!"
Richterswil,Dubs Bernadette,,52,w,SVP,,"Achtung, Partei und Alter nicht zugeordnet!"
Richterswil,Germann Hansjörg,,45,m,SVP,,"Achtung, Partei und Alter nicht zugeordnet!"
Richterswil,Meuter Evelyn,,56,w,CVP,,"Achtung, Partei und Alter nicht zugeordnet!"
Richterswil,Nüesch Willy,,35,m,EVP,,"Achtung, Partei und Alter nicht zugeordnet!"
Richterswil,Pfeffer Renato,,62,m,SP,,"Achtung, Partei und Alter nicht zugeordnet!"
Richterswil,Stalder Christian,,60,m,SP,,"Achtung, Partei und Alter nicht zugeordnet!"
Thalwil,"Märk Fankhauser, FDP, Jahrgang 1957",1957,,m,FDP,1,
Thalwil,"·  David Brüllmann, Dorfverein Gattikon (parteilos), Jahrgang 1978",1978,,m,parteilos,,
Thalwil,"·  Andreas Federer, CVP, Jahrgang 1963",1963,,m,CVP,,
Thalwil,"·  Richard Gautschi, parteilos, Jahrgang 1962",1962,,m,parteilos,,
Thalwil,"·  Hanspeter Giger, GLP, Jahrgang 1956",1956,,m,glp,,
Thalwil,"·  Peter Klöti, FDP, Jahrgang 1955",1955,,m,FDP,,
Thalwil,"·  Hansruedi Kölliker, FDP, Jahrgang 1965",1965,,m,FDP,,
Thalwil,"·  Ursula Lombriser, CVP, Jahrgang 1960",1960,,w,CVP,,
Thalwil,"·  Kurt Vuillemin, SP, Jahrgang 1959",1959,,m,SP,,
Oberrieden,Arnold Martin,1963,,m,SVP,,
Oberrieden,Burlet Pavone Sandra,1971,,w,FDP,,
Oberrieden,Klemm Urs,1962,,m,Parteilos,,
Oberrieden,Meier Jean-Luc,1963,,m,FDP,,
Oberrieden,Reichmuth Verena,1958,,w,Parteilos,,
Oberrieden,Strickler Manuel,1967,,m,SP,,
Oberrieden,Wildeisen Reto,1964,,m,FDP,,
Rickenbach (ZH),"Robert Hinnen, geb. 1969, Parteilos",1969,,m,parteilos,,
Rickenbach (ZH),"Christoph Lang, geb. 1953, FDP",1953,,m,FDP,,
Rickenbach (ZH),"Andreas Greuter, geb. 1965, SVP",1965,,m,SVP,,
Rickenbach (ZH),"Andy Karrer, geb. 1961, Parteilos",1961,,m,parteilos,,
Rickenbach (ZH),"Heidi Fink, geb. 1966, SVP",1966,,w,SVP,,
Rickenbach (ZH),"Ruedi Brugger, geb. 1964, Parteilos",1964,,m,parteilos,,
Hagenbuch,"Therese Schläpfer, Gemeindepräsidentin, Jg. 1959, SVP",1959,,w,SVP,,
Hagenbuch,"Bernhard PETER, 1950, parteilos",1950,,m,parteilos,,
Hagenbuch,"Marcel MICHEL, 1975, SVP",1975,,m,SVP,,
Hagenbuch,"Claudio Angehrn, 1969, SVP",1969,,m,SVP,,
Hagenbuch,"Rafael Seeh, 1989, SVP",1989,,m,SVP,,
Hagenbuch,"Horst Steinmann, Schulpräsident/Schulvertreter im Gemeinderat, 1958, SP",1958,,m,SP,,
Weiningen (ZH),"Mario Okle, Gemeindepräsident, Jahrgang 1962, parteilos",1962,,m,parteilos,,
Weiningen (ZH),"Reto Beutler, Finanzvorstand, Jahrgang 1963, FDP",1963,,m,FDP,,
Weiningen (ZH),"Heinz Brunner, Sozialvorstand, Jahrgang 1957, Forum Weiningen",1987,,m,Forum Weiningen,,
Weiningen (ZH),"Michael Gardavsky, Sicherheitsvorstand, 1979, SVP",1979,,m,SVP,,
Weiningen (ZH),"Harry Landis, Bauvorstand, Jahrgang 1965, parteilos",1965,,m,parteilos,,
Weiningen (ZH),"Thomas Mattle, Werkvorstand, Jahrgang 1970, SVP",1970,,m,SVP,,
Weiningen (ZH),"Brigitte Schai, Schulvorstand, Jahrgang 1968, SVP",1968,,w,SVP,,
Rüschlikon,Egli Simon,,50,m,FDP,,
Rüschlikon,Elsener Bernhard,,67,m,CVP,,
Rüschlikon,Fossati Nadja,,57,w,parteilos,,
Rüschlikon,Keim Urs,,64,m,parteilos,,
Rüschlikon,Marti Romaine,,62,w,FDP,,
Rüschlikon,Müller Fabian,,42,m,FDP,,
Rüschlikon,Weber Doris,,59,w,parteilos,,
Oberembrach,"Gemeindepräsidentin, Verena Koch Hanselmann, parteilos, 1961",1961,,w,parteilos,1,
Oberembrach,"Gemeinderat Olivier Bertschy, SVP, 1964",1964,,m,SVP,,
Oberembrach,"Gemeinderat Frank Meyenberg, parteilos, 1975",1975,,m,parteilos,,
Oberembrach,"Gemeinderat Michael Welz, EDU, 1968",1968,,m,EDU,,
Oberembrach,"Gemeinderat/Vizepräsident, Martin Widmer, GLP, 1973",1973,,m,glp,,
Eglisau,"Peter Bär, Fokus Eglisau, Jg. 1956",1956,,m,Fokus Eglisau,,
Eglisau,"Werner Graf, parteilos, Jg. 1954",1954,,m,parteilos,,
Eglisau,"Thomas Laufer, parteilos, Jg. 1967",1967,,m,parteilos,,
Eglisau,"Elisabeth Villiger, Fokus Eglisau, Jg. 1964",1964,,w,Fokus Eglisau,,
Eglisau,"Nicolas Wälle, parteilos, Jg. 1992",1992,,m,parteilos,,
Dägerlen,"Urs Roost, parteilos, 48",,48,m,parteilos,,
Dägerlen,"Willy Held, parteilos, 64",,64,m,parteilos,,
Dägerlen,"Michael Epp, parteilos, 50",,50,m,parteilos,,
Dägerlen,"Severin Knecht, GLP, 28",,28,m,glp,,
Dägerlen,"Patrick Jola, parteilos, 51",,51,m,parteilos,,
Ellikon an der Thur,Bührer Martin,,60,m,parteilos,,
Ellikon an der Thur,Klein Beat,,50,m,parteilos,,
Ellikon an der Thur,Van Duijvenbode Danny,,62,m,parteilos,,
Ellikon an der Thur,Steinmann Peter,,64,m,parteilos,,
Ellikon an der Thur,Bader Alfred,,59,m,parteilos,,
Niederhasli,Brülhart René – CVP – Jg. 1965,1965,,m,CVP,,
Niederhasli,Derrer Hans – SVP – Jg. 1963,1963,,m,SVP,,
Niederhasli,Kurer Marco – FDP – Jg. 1961,1961,,m,FDP,,
Niederhasli,Meier Hans – SVP – Jg. 1964,1964,,m,SVP,,
Niederhasli,Peter Thomas – FDP – Jg. 1957,1957,,m,FDP,,
Niederhasli,Rogala-Kahlhöfer Karin – SP – Jg. 1963,1963,,w,SP,,
Niederhasli,Stüssi Beatrix – SP – Jg. 1960,1960,,w,SP,,
Hochfelden,"Simone Caneppele, 1973, FoHo Forum offenes Hochfelden",1973,,w,FoHo Forum offenes Hochfelden,,
Hochfelden,"Boris Meyer, 1979, parteilos",1979,,m,parteilos,,
Hochfelden,"Beat Goldmann, 1974, parteilos",1974,,m,parteilos,,
Hochfelden,"Stefan Bickel, 1976, SVP",1976,,m,SVP,,
Hochfelden,"Stefan Egger, 1962, SVP",1962,,m,SVP,,
Hinwil,Tezzele Germano,,,m,SVP,1,
Hinwil,Bühler Andreas,,,m,SP,,
Hinwil,Meier Horst,,,m,FDP,,
Hinwil,Eberhard Urs,,,m,FDP,,
Hinwil,Benedetti Hans,,,m,SVP,,
Hinwil,Casutt Gabriela,,,w,FDP,,
Hinwil,Amstutz Beat,,,m,SVP,,
Flurlingen,"Bernath Gilbert, 1959,",1959,,m,parteilos,1,
Flurlingen,"Brütsch Roger, 1961,",1961,,m,parteilos,,
Flurlingen,"Meister Dominic, 1975,",1975,,m,parteilos,,
Flurlingen,"Renggli Barbara, 1968,",1968,,w,parteilos,,
Flurlingen,"Vanoni Silvia,",1957,,w,parteilos,,
Dorf,"Eisele Patric, Jahrgang 1967, parteilos",1967,,m,parteilos,,
Dorf,"Rüttimann Walter, Jahrgang 1967, parteilos",1967,,m,parteilos,,
Dorf,"Burri Markus, Jahrgang 1950, parteilos",1950,,m,parteilos,,
Dorf,"Fischer Cornelia, Jahrgang 1957, parteilos",1957,,w,parteilos,,
Dorf,"Theiler Daniela, Jahrgang 1976, parteilos",1976,,w,parteilos,,
Rheinau,"Andreas Jenni, Präsident, 1961, SP",1961,,m,SP,,
Rheinau,"Roman Cibolini, 1967, SVP",1967,,m,SVP,,
Rheinau,"Karin Eigenheer, 1965, SP",1965,,m,SP,,
Rheinau,"Martin Jaun, 1969, CVP",1969,,m,CVP,,
Rheinau,"Jürg Ziegler, 1967, Parteilos",1967,,m,parteilos,,
Weisslingen,Andrea Conzett: 26.10.1961,1961,,w,WF,,
Weisslingen,Pascal Martin: 20.07.1966,1966,,m,SVP,,
Weisslingen,Patrick Geiser: 09.10.1977,1977,,m,WF,,
Weisslingen,Wangler Clemens: 30.12.1951,1951,,m,WF,,
Weisslingen,Marianne Bachofner: 22.03.1962,1962,,w,parteilos,,
Weisslingen,René Werren: 13.09.1965,1965,,m,SVP,,
Mönchaltorf,Urs Graf,1960,,m,FDP,1,
Mönchaltorf,Hans-Rudolf Galliker,1961,,m,FDP,,
Mönchaltorf,Bernhard Kaderli,1970,,m,FDP,,
Mönchaltorf,Andrea Larry,1973,,w,SP,,
Mönchaltorf,Rolf Möckli,1956,,m,SVP,,
Mönchaltorf,Marlis Schlumpf,1972,,w,SP,,
Mönchaltorf,Christina Thomas,1967,,w,parteilos,,
Buch am Irchel,"Hansruedi Mosch, JG 1960",1960,,m,parteilos,,
Buch am Irchel,"Brigitte Felix, JG 1957",1957,,w,parteilos,,
Buch am Irchel,"Sven Stüssi, JG 1974",1974,,m,parteilos,,
Buch am Irchel,"Markus Stolz, JG 1966",1966,,m,parteilos,,
Mettmenstetten,Bär Beat,1953,,m,parteilos,,
Mettmenstetten,Cantekin Irfan,1962,,m,parteilos,,
Mettmenstetten,Ehrenbaum Edwin,1951,,m,parteilos,,
Mettmenstetten,Gallati Beatrix,1969,,w,parteilos,,
Mettmenstetten,Junker Ursula,1966,,w,SVP,,
Mettmenstetten,Kälin René,1961,,m,parteilos,1,
Mettmenstetten,Kessler Peter,1955,,m,parteilos,,
Ossingen,"Martin Günthardt, SVP, 1951",1951,,m,SVP,,
Ossingen,"-  Carmen Kromer, --, 1968",1968,,w,parteilos,,
Ossingen,"-  Daniel Stahl, BDP, 1964",1964,,m,BDP,,
Ossingen,"-  Alfred Hablützel, SVP, 1959",1959,,m,SVP,,
Ossingen,"-  Giordano Bizzarri, FDP, 1951",1951,,m,FDP,,
Birmensdorf (ZH),"Bruno Knecht, parteilos, 1956",1956,,m,parteilos,,
Birmensdorf (ZH),"Anna Margareta (Annegret) Grossen, FDP, 1952",1952,,w,FDP,,
Birmensdorf (ZH),"Hans Rudolf (Ringo) Keller, SVP, 1948",1948,,m,SVP,,
Birmensdorf (ZH),"Paul Gähler, CVP, 1954",1954,,m,CVP,,
Birmensdorf (ZH),"Stefan Gut, SVP, 1968",1968,,m,SVP,,
Birmensdorf (ZH),"Barbara Puricelli, FDP, 1961",1961,,w,FDP,,
Birmensdorf (ZH),"Gabriela Stampa, parteilos, 1958",1958,,w,parteilos,,
Hettlingen,"Bossart Markus, Betriebsökonom FH, 1970, bisher, FDP",1970,,m,FDP,,
Hettlingen,"2. Buchmann Armand, Dipl. Automechaniker / Providermanager, 1958, neu",1958,,m,parteilos,,
Hettlingen,"3. Honegger Svenya, Naturheilpraktikerin, 1966, bisher",1966,,w,parteilos,,
Hettlingen,"4. Kräuchi Bruno, Eidg. Dipl. Treuhänder, 1955, bisher, FDP (Gemeindepräsident)",1955,,m,FDP,,
Hettlingen,"5. Nef Markus, Dr. sc. Techn. ETHZ, 1970, bisher, FDP (Präsident Primarschulpflege und von Amtes wegen Mitglied des Gemeinderats)",1970,,m,FDP,,
Hettlingen,"6. Weber Richard, Chemielehrer, 1965, bisher, PFH",1965,,m,PFH,,
Stäfa,Haltner Christian,1956,,m,FDP,,
Stäfa,Utz Andreas,1965,,m,glp,,
Stäfa,Traber Ursula,1958,,w,CVP,,
Stäfa,Dietziker Gadola Jeannette,1962,,w,SP,,
Stäfa,Dubach David,1977,,m,FDP,,
Stäfa,Hämmerli Simon,1969,,m,FDP,,
Stäfa,Hollenstein Claudia,1967,,w,glp,,
Stäfa,Portmann Christoph,1961,,m,SP,,
Stäfa,Würsten Cristina,1969,,w,FDP,,
Kappel am Albis,"Herr Jakob Müller, Gemeindepräsident, parteilos, 62 Jahre alt",,62,m,parteilos,1,
Kappel am Albis,"Frau Marion Ackermann, Mitglied, parteilos, 46 Jahre alt",,46,w,parteilos,,
Kappel am Albis,"Frau Carolina Hauser Häberling, Mitglied, parteilos, 58 Jahre alt",,58,w,parteilos,,
Kappel am Albis,"Frau Heidi Hui, Mitglied, parteilos, 59 Jahre alt",,59,w,parteilos,,
Kappel am Albis,"Herr Martin Hunkeler, Mitglied, parteilos, 48 Jahre alt",,48,m,parteilos,,
Wil (ZH),Urs Rüegg,1965,,m,SVP,,
Wil (ZH),Peter Graf,1954,,m,Wählervereinigung Wil ZH (WVW),,
Wil (ZH),Walter Meier,1965,,m,SVP,,
Wil (ZH),Beatrix Wicki,1965,,w,Wählervereinigung Wil ZH (WVW),,
Wil (ZH),Caspar Briner,1994,,m,parteilos,,
Schöfflisdorf,"Alois Buchegger, 66 Jahre alt",,66,m,parteilos,,
Schöfflisdorf,"Stefan Fivian, 55 Jahre alt",,55,m,parteilos,,
Schöfflisdorf,"Irene Oswald, 64 Jahre alt",,64,w,parteilos,,
Schöfflisdorf,"Michael Merki, 57 Jahre alt",,57,m,parteilos,,
Schöfflisdorf,"Rolf Huber, 47 Jahre alt",,47,m,parteilos,,
Henggart,"Bichsel, Hans",1951,,m,FDP,1,"Achtung, Partei nicht zugeordnet!"
Henggart,"Erdmann-von Moos, Astrid",1958,,w,glp,,"Achtung, Partei nicht zugeordnet!"
Henggart,"Schwarz, Eveline",1966,,w,parteilos,,"Achtung, Partei nicht zugeordnet!"
Henggart,"Wyler, Andreas",1973,,m,parteilos,,"Achtung, Partei nicht zugeordnet!"
Glattfelden,"Ernst, Gassmann, FDP, Jahrgang 1951",1951,,m,FDP,,
Glattfelden,"Marco Dindo, SVP, Jahrgang 1964",1964,,m,SVP,,
Glattfelden,"René Gasser, FDP, Jahrgang 1970",1970,,m,FDP,,
Glattfelden,"Michèle Dünki, SP, Jahrgang 1989",1989,,w,SP,,
Glattfelden,"Martina Schurter, parteilos, Jahrgang 1971",1971,,w,parteilos,,
Glattfelden,"Adrian Rösti, SVP, Jahrgang 1976",1976,,m,SVP,,
Uetikon am See,"Urs Mettler, parteilos, 57",,57,m,parteilos,,
Uetikon am See,"·  Christian Schucan, FDP, 51",,51,m,FDP,,
Uetikon am See,"·  Hans Gantner, FDP, 74",,74,m,FDP,,
Uetikon am See,"·  Heidi Mühlemann, parteilos, 66",,66,w,parteilos,,
Uetikon am See,"·  Felix Weber, SVP, 62",,62,m,SVP,,
Uetikon am See,"·  Hubert Beerli, FDP, 57",,57,m,FDP,,
Uetikon am See,"·  Marianne Röhricht, parteilos, 49",,49,w,parteilos,,
Bäretswil,Megliola Teodoro,1976,,m,parteilos,1,
Bäretswil,Dietrich Lisa,1961,,w,SVP,,
Bäretswil,Schoch Gübeli Barbara,1979,,w,FDP,,
Bäretswil,Fuhrer Beat,1989,,m,SVP,,
Bäretswil,Korrodi Marco,1985,,m,SVP,,
Bäretswil,Meier Theo,1959,,m,parteilos,,
Bäretswil,Scherrer Stefan,1966,,m,SVP,,
Buchs (ZH),"Vacchelli Thomas, Gemeindepräsident, parteilos, 58",,58,m,parteilos,1,
Buchs (ZH),"Eberhard Urs, Finanzvorstand, ÜWF (Überparteiliches Wahlforum Buchs), 55",,55,m,ÜWF (Überparteiliches Wahlforum Buchs),,
Buchs (ZH),"Meier Rudolf, Bau- und Werkvorstand, parteilos, 70",,70,m,parteilos,,
Buchs (ZH),"Meyer Nadja, Sozialvorsteherin, parteilos, 43",,43,w,parteilos,,
Buchs (ZH),"Schmid Pascal, Sicherheitsvorstand, parteilos, 41",,41,m,parteilos,,
Buchs (ZH),"Vogt Beat, Schulpräsident, parteilos, 70",,70,m,parteilos,,
Benken (ZH),"Beatrice Salce, Gemeindepräsidentin, FDP, Jg. 1970",1970,,w,FDP,,
Benken (ZH),"·  Peter Studer, Vizepräsident, parteilos, Jg. 1962",1962,,m,parteilos,,
Benken (ZH),"·  Daniela Leu, Gemeinderätin, parteilos, Jg. 1977",1977,,w,parteilos,,
Benken (ZH),"·  Reto Fritschi, Gemeinderat, parteilos, Jg. 1966",1966,,m,parteilos,,
Benken (ZH),"·  Markus Bührer, Gemeinderat, parteilos, Jg. 1962",1962,,m,parteilos,,
Volken,"Walter Schürch, Präsident, Jg. 1962, Alter 57, parteilos",1962,,m,parteilos,,
Volken,"Reto Giger, Vizepräsident, Jg. 1977, Alter 42, parteilos",1977,,m,parteilos,,
Volken,"Marion Boos, 2. Vizepräsidentin, Jg. 1971, Alter 48, parteilos",1971,,w,parteilos,,
Volken,"Ursula Ganz, Jg. 1978, Alter 41, parteilos",1978,,w,parteilos,,
Volken,"Marcel Staub, Jg. Jg. 1970, Alter 49, SVP Flaach",1970,,m,SVP,,
Dürnten,"Peter Jäggi
Gemeindepräsident
Ressort Präsidiales (Finanzen)",1963,,m,FDV (Freie Demokratische Vereinigung),1,
Dürnten,"Cornelia Benedetti
Ressort Gesellschaft",1965,,w,CVP,,
Dürnten,"Luigi Boccadamo
Ressort Hochbau + Raumplanung",1957,,m,FDP,,
Dürnten,"Jasmin Aeschbacher
Ressort Schutz + Sicherheit",1993,,w,FDV (Freie Demokratische Vereinigung),,
Dürnten,"Lukas Leibundgut
Ressort Bildung",1976,,m,SVP,,
Dürnten,"Roman Braun
Ressort Infrastruktur",1987,,m,parteilos,,
Dürnten,"Urs Roth
Ressort Liegenschaften + Kultur",1969,,m,parteilos,,
Küsnacht (ZH),Markus Ernst,,47,m,FDP,1,
Küsnacht (ZH),Klemens Empting,,66,m,FDP,,
Küsnacht (ZH),Ueli Erb,,63,m,SVP,,
Küsnacht (ZH),Pia Guggenbühl,,41,w,FDP,,
Küsnacht (ZH),Walter Matti,,68,m,parteilos,,
Küsnacht (ZH),Ueli Schlumpf,,60,m,SVP,,
Küsnacht (ZH),Martin Schneider,,68,m,SVP,,
Küsnacht (ZH),Susanna Schubiger-Münger,,57,w,glp,,
Küsnacht (ZH),Martin Wyss,,45,m,FDP,,
Truttikon,"Sergio Rämi, Präsident, Jg. 58",1958,,m,parteilos,,
Truttikon,"Caroline Schwyn, Jg. 71",1971,,w,parteilos,,
Truttikon,"Ueli Ryter, Jg. 62",1962,,m,parteilos,,
Truttikon,"Fritz Hänni, Jg. 67",1967,,m,parteilos,,
Truttikon,"Thomas Schär, Jg. 71",1971,,m,parteilos,,
Zollikon,Sascha Ullmann,1972,,m,glp,,
Zollikon,Bernhard Ecklin,1954,,m,SVP,,
Zollikon,Urs Fellmann,1950,,m,FDP,,
Zollikon,Martin Hirs,1973,,m,SVP,,
Zollikon,Corinne Hoss,1964,,w,FDP,,
Zollikon,André Müller,1960,,m,FDP,,
Zollikon,Sylvie Sieger,1966,,w,FDP,,
Greifensee,"Keller , Monika",,50,w,FDP,1,
Greifensee,"Bauer, Markus",,48,m,Aktion G,,
Greifensee,"Graf Schläppi, Franziska",,49,w,Aktion G,,
Greifensee,"Honegger, Thomas",,38,m,Grüne,,
Greifensee,"Jakob, Andreas",,44,m,FDP,,
Greifensee,"Kiper, Daniel",,59,m,parteilos,,
Greifensee,"Schaerli, Bruno",,52,m,Aktion G,,
Bubikon,"Andrea Keller, 1969",1969,,w,parteilos,,
Bubikon,"Thomas Illi, 1957, Präsident EVP Bubikon und EVP Bezirk Hinwil",1957,,m,EVP,,
Bubikon,"Martin Kurt, 1974, Mitglied FDP",1974,,m,FDP,,
Bubikon,"Stefan Bänziger, 1967, Mitglied FDP (im Gemeinderat bis 31.01.2020)",1967,,m,FDP,,
Bubikon,"Susanne Berchtold, 1962, Mitglied FDP",1962,,w,FDP,,
Bubikon,"Anton Diethelm, 1962, Mitglied CVP",1962,,m,CVP,,
Bubikon,"Severin Länzlinger, 1984, Mitglied FBV",1984,,m,FBV,,
Bubikon,"Sara Müller, 1976",1976,,w,parteilos,,
Maur,Roland Humm,1958,,m,SVP,1,
Maur,Delia Lüthi,1961,,w,FDP,,
Maur,Felix Senn,1953,,m,SP,,
Maur,Yves Keller,1976,,m,FDP,,
Maur,Urs Rechsteiner,1978,,m,CVP,,
Maur,Catherine Gerwig,1967,,w,SVP,,
Maur,Stephan Oehen,1968,,m,FDP,,
Adlikon,Werner Wenk,,53,m,SVP,1,
Adlikon,Clemens Meier,,42,m,parteilos,,"Achtung, Alter nicht zugeordnet"
Adlikon,Denise Weyermann,,43,w,parteilos,,"Achtung, Alter nicht zugeordnet"
Adlikon,Marc Moser,,44,m,parteilos,,"Achtung, Alter nicht zugeordnet"
Adlikon,Peter Läderach,,64,m,parteilos,,"Achtung, Alter nicht zugeordnet"
Dättlikon,Jürg Allenspach Jg. 1953,1953,,m,parteilos,,
Dättlikon,-  Johanna Vogel Jg. 1969,1969,,w,parteilos,,
Dättlikon,-  Yvonne Adam Jg. 1967,1967,,w,parteilos,,
Dättlikon,-  Jin Onyetube Jg. 1974,1974,,w,parteilos,,
Dättlikon,-  Markus Weibel Jg. 1969,1969,,m,parteilos,,
Dättlikon,-  Thomas Weibel Jg. 1968,1968,,m,parteilos,,
Schwerzenbach,Thomas Weber,1962,,m,parteilos,1,
Schwerzenbach,Martina Hubacher,1960,,w,parteilos,,
Schwerzenbach,Esther Borra,1963,,w,parteilos,,
Schwerzenbach,Rahel Hofmann,1963,,w,FDP,,
Schwerzenbach,Thomas A. Frey,1966,,m,FDP,,
Schwerzenbach,Beat Schüpbach,1961,,m,parteilos,,
Schwerzenbach,Reto Haltinner,1966,,m,CVP,,
Wallisellen,"Peter Spörri, Gemeindepräsident, 1956, SP",1956,,m,SP,1,
Wallisellen,"Thomas Eckereder, 1974, SVP",1974,,m,SVP,,
Wallisellen,"Verena Frangi Granwehr, 1971, parteilos",1971,,w,parteilos,,
Wallisellen,"Philipp Maurer Murbach, 1963, Grüne",1963,,m,Grüne,,
Wallisellen,"Tobias Meier Kern, 1971, die Mitte",1971,,m,Die Mitte,,
Wallisellen,"Esther Müller, 1964, SVP",1964,,w,SVP,,
Wallisellen,"Jürg Niederhauser, 1964, FDP",1964,,m,FDP,,
Höri,"Roger Götz, Gemeindepräsident, SVP, Jahrgang 1972",1972,,m,SVP,1,
Höri,"-  Willi Zuberbühler, Sozial- u. Gesundheitsvorstand, parteilos, Jahrgang 1967",1967,,m,parteilos,,
Höri,"-  Christian Meier, Bau- u. Werkvorstand, parteilos, Jahrgang 1956",1956,,m,parteilos,,
Höri,"-  Anita Utzinger, Finanz- u. Liegenschaftenvorständin, parteilos, Jahrgang 1982",1982,,w,parteilos,,
Höri,"-  Walter Maag, Sicherheitsvorstand/Forst- u. Landwirtschaftsvorstand, SVP, Jahrgang 1959",1959,,m,SVP,,Wird nächstens abtreten
Lindau,Bernard Hosang,1966,,m,FDP,1,
Lindau,Hanspeter Frey *,1966,,m,SVP,,Wird nächstens abtreten
Lindau,Esther Elmer,1966,,w,SP,,
Lindau,Claudio Stutz,1965,,m,SVP,,
Lindau,Susanne Sorg-Keller,1954,,w,FDP,,
Lindau,Peter Reinhard,1947,,m,SP,,
Lindau,Kurt Portmann,1956,,m,SVP,,
Wangen-Brüttisellen,"Marlis Dürst, Gemeindepräsidentin Forum 60",,60,w,Forum,1,
Wangen-Brüttisellen,"René Zimmermann, Gemeinderat FDP 65",,65,m,FDP,,
Wangen-Brüttisellen,"Marco Bachmann, Gemeinderat FDP 62",,62,m,FDP,,
Wangen-Brüttisellen,"Marco Gamma, Gemeinderat FDP 44",,44,m,FDP,,
Wangen-Brüttisellen,"Martin Kull, Gemeinderat Forum 60",,60,m,Forum,,
Wangen-Brüttisellen,"Uwe Betz-Moser, Gemeinderat Forum 60",,60,m,Forum,,
Wangen-Brüttisellen,"Claude Dougoud, Gemeinderat SVP 66",,66,m,SVP,,
Pfungen,"Max Rütimann, Jg. 1954, Gemeindepräsident, Partei: SVP",1954,,m,Forum,1,
Pfungen,"Reto Bernet, Jg. 1957, Gemeindepräsident Stv, Partei: Forum",1957,,m,SVP,,
Pfungen,"Willy Flach, Jg. 1958, Gemeinderat, Partei: SVP",1958,,m,Forum,,
Pfungen,"Stefan Jucker, Jg. 1968, Gemeinderat, Partei: Forum",1968,,m,Forum,,
Pfungen,"Tamara Schmocker, Jg. 1976, Gemeinderätin, Partei: Forum",1976,,w,Forum,,
Pfungen,"Pascal Reith, Jg. 1976 , Gemeinderat, Partei: Forum",1976,,m,Forum,,
Pfungen,"Silvio Zahnd, Jg. 1967, Gemeinderat, Partei: Forum",1976,,m,Forum,,
Nürensdorf,·  Christoph Bösel SVP 1967,1967,,m,SVP,,
Nürensdorf,·  Marco Demarmels FDP 1958,1958,,m,FDP,,
Nürensdorf,·  Daniel Neukomm FDP 1960,1960,,m,FDP,,
Nürensdorf,·  Gery Romanescu FDP 1960,1960,,m,FDP,,
Nürensdorf,·  Edith Betschart SVP 1963,1963,,w,SVP,,
Nürensdorf,·  Yvonne Guggenbühler SVP 1953,1953,,w,SVP,,
Nürensdorf,·  Urs Buchegger parteilos 1952,1952,,m,parteilos,,
Bassersdorf,"Doris Meier-Kobler, 52, FDP",,52,w,FDP,,
Bassersdorf,"Richard Dunkel, 57, parteiunabhängig",,57,m,parteilos,,
Bassersdorf,"Hans Stutz, 60, FDP",,60,m,FDP,,
Bassersdorf,"Christoph Füllemann, 67, parteiunabhängig",,67,m,parteilos,,
Bassersdorf,"Christoph Isler, 62, parteiunabhängig",,62,m,parteilos,,
Bassersdorf,"Christian Pfaller, 43, SVP",,43,m,SVP,,
Bassersdorf,"Selina Stampfli, 46, SP",,46,w,SP,,
Schleinikon,"Gemeindepräsidentin Florina Böhler, parteilos, Jg 1987",1987,,w,parteilos,1,
Schleinikon,"Forst- und Finanzvorstand, Stv. der Gemeindepräsidentin Christian Werder, parteilos, Jg 1970",1970,,m,parteilos,,
Schleinikon,"Sozial- und Gesundheitsvorstand Theres Galli, parteilos, Jg 1964",1964,,w,parteilos,,
Schleinikon,"Tiefbauvorstand Daniel Hirt, parteilos, Jg 1971",1971,,m,parteilos,,
Schleinikon,"Hochbauvorstand Michel Flach, parteilos, Jg 1969",1969,,m,parteilos,,
Hausen am Albis,"Stefan Gyseler, FDP, 52j.",,52,m,FDP,,
Hausen am Albis,"Gregor Blattmann, SVP, 50j.",,50,m,SVP,,
Hausen am Albis,"Beatrice Sommerauer, SVP, 57j.",,57,w,SVP,,
Hausen am Albis,"Andrea Sidler, SP, 53j.",,53,w,SP,,
Hausen am Albis,"Christoph Tandler, parteilos, 58j.",,58,m,parteilos,,
Hausen am Albis,"Peter Reichmuth, parteilos, 69j.",,69,m,parteilos,,
Hittnau,Zinsli Claudio: 1963,1963,,m,FDP,1,
Hittnau,-  Meyer Daniel: 1961,1961,,m,SVP,,
Hittnau,-  Hächler Carlo: 1953,1953,,m,FDP,,
Hittnau,-  Hitz Christoph: 1968,1968,,m,parteilos,,
Hittnau,-  Dürr Gabriela: 1962,1962,,w,Forum Hittnau,,
Hittnau,-  Wermelinger Peter: 1960,1960,,m,SVP,,
Hittnau,-  Schnyder Claudia: 1964,1964,,w,parteilos,,
Weiach,"Arnold Stefan, 1974",1974,,m,parteilos,,
Weiach,"Brüngger Andreas, 1959",1959,,m,parteilos,,
Weiach,"Gyr Alexander, 1971",1971,,m,parteilos,,
Weiach,"Steinmann Thomas, 1968",1968,,m,parteilos,,
Weiach,"Wunderlin Stephan, 1986",1986,,m,parteilos,,
Russikon,"Aeschlimann, Hans",,,m,SVP,1,
Russikon,"Hartmann, Rolf",,,m,parteilos,,
Russikon,"Schmid, Barbara",,,w,SVP,,
Russikon,"Alder, Raphael",,,m,FDP,,
Russikon,"Goldschmid, David",,,m,SVP,,
Russikon,"Hirsiger, Philip",,,m,parteilos,,
Russikon,"Mink, Simon",,,m,FDP,,
Aesch (ZH),"Jahn, Johann Gemeindepräsident / Volkswirtschaft / Präsident Wahlbüro, parteilos, geb. 02.06.1954",1954,,m,parteilos,1,
Aesch (ZH),"Bonato, Diego Gemeinderat / Finanz- und Sicherheitsvorstand, SVP, geb. 22.12.1959",1959,,m,SVP,,
Aesch (ZH),"Helfenberger, Roland Vizepräsident / Tiefbau-, Werk- und Gesundheitsvorstand, SVP, geb. 06.01.1967",1967,,m,SVP,,
Aesch (ZH),"Holliger, Max Gemeinderat / Hochbau- und Liegenschaftenvorstand, parteilos, geb. 13.08.1954",1954,,m,parteilos,,
Aesch (ZH),"Vannaz, Janine Gemeinderätin / Sozial- und Kulturvorständin, CVP, geb. 25.10.1969",1969,,w,CVP,,
Brütten,"Bosshart, Rudolf",1948,,m,FDP,1,
Brütten,"Ball, Peter",1964,,m,SVP,,
Brütten,"Kuhn, Martin",1979,,m,FDP,,
Brütten,"Lanz, Beat",1964,,m,FDP,,
Brütten,"Schäpper Trüb, Erika",1950,,w,parteilos,,
Brütten,"Stähli, Fritz",1962,,m,parteilos,,
Dänikon,Torche José,,,m,Interessengemeinschaft 8114,1,
Dänikon,Meier Lars,,,m,SVP,,
Dänikon,Sauter Ulrich,,,m,parteilos,,
Dänikon,Lucek Christian,,,m,SVP,,
Dänikon,Schüpbach Marlies,,,w,Interessengemeinschaft 8114,,
Elgg,Ziegler Christoph,,,m,glp,1,
Elgg,Büchi-Vögeli Ruth,,,w,SVP,,
Elgg,Gerber Roger,,,m,SVP,,
Elgg,Hungerbühler Daniel,,,m,soso.elgg,,
Elgg,Klein Fankhauser Nicole,,,w,soso.elgg,,
Elgg,Kron Andreas,,,m,FDP,,
Elgg,Miethlich Hansruedi,,,m,SVP,,
Erlenbach (ZH),Patak Sascha,1972,,m,FDP,1,
Erlenbach (ZH),Dippon Martin,1972,,m,FDP,,
Erlenbach (ZH),Grubenmann Lotti,1958,,w,parteilos,,
Erlenbach (ZH),Keller Peter,1964,,m,CVP,,
Erlenbach (ZH),Menzi Jens,1982,,m,parteilos,,
Erlenbach (ZH),Weckherlin Philipp,1960,,m,FDP,,
Erlenbach (ZH),Zehnder Philippe,1962,,m,parteilos,,
Hombrechtikon,Rainer Odermatt,,,m,FDP,1,
Hombrechtikon,Thomas Etter,,,m,parteilos,,
Hombrechtikon,Eugen Gossauer,,,m,FDP,,
Hombrechtikon,Rolf Huber,,,m,FDP,,
Hombrechtikon,Christian Walliker,,,m,SVP,,
Hombrechtikon,Daniel Wenger,,,m,FDP,,
Hombrechtikon,Thomas Wirth,,,m,glp,,
Seuzach,"Weibel, Katharina",,,w,FDP,,
Seuzach,"Bühler, Michael",,,m,parteilos,1,
Seuzach,"Fritschi, Peter",,,m,FDP,,
Seuzach,"Fritz, Marcel",,,m,SVP,,
Seuzach,"Häderli, Hans Peter",,,m,EVP,,
Seuzach,"Knecht, Marcel",,,m,FDP,,
Seuzach,"Manz, Marc",,,m,SVP,,
Steinmaur,"Schellenberg, Andreas",,,m,SVP,1,
Steinmaur,"Bosshard, Roger",,,m,parteilos,,
Steinmaur,"Erni, Beatrice",,,w,FDP,,
Steinmaur,"Müller, Christian",,,m,FDP,,
Steinmaur,"Rickli, Franziska",,,w,parteilos,,
Steinmaur,"Rüegg, Oskar",,,m,parteilos,,
Thalheim an der Thur,Caroline Hofer Basler,,,w,FDP,1,
Thalheim an der Thur,Jens Beer,,,m,parteilos,,
Thalheim an der Thur,Guido Roggensinger,,,m,parteilos,,
Thalheim an der Thur,Cornelia Schumacher,,,w,parteilos,,
Thalheim an der Thur,Sandro Stelletti,,,m,parteilos,,
Thalheim an der Thur,Marc Vock,,,m,parteilos,,
Adliswil,Zeroual Farid,,,m,CVP,1,
Adliswil,Senn Susy,,,w,FDP,,
Adliswil,Günthardt Renato,,,m,SVP,,
Adliswil,Bürgi Markus,,,m,FDP,,
Adliswil,Fein Karin,,,w,Freie Wähler,,
Adliswil,Keller Felix,,,m,parteilos,,
Adliswil,Marty Fässler Carmen,,,w,SP,,
Affoltern am Albis,Grötsch Clemens,,,m,parteilos,1,
Affoltern am Albis,Gallusser Martin,,,m,SP,,
Affoltern am Albis,Gasser Markus,,,m,EVP,,
Affoltern am Albis,Meier Markus,,,m,SP,,
Affoltern am Albis,Spörri Claudia,,,w,SVP,,
Affoltern am Albis,Studer Kilchenmann Eliane,,,w,parteilos,,
Dietikon,Bachmann Roger,,,m,SVP,1,
Dietikon,Schaeren Rolf,,,m,CVP,,
Dietikon,Illi Heinz,,,m,EVP,,
Dietikon,Kiwic Anton,,,m,SP,,
Dietikon,Müller Philipp,,,m,FDP,,
Dietikon,Neff Lucas,,,m,Grüne,,
Dietikon,Siegrist Reto,,,m,CVP,,
Dübendorf,"Ingold, André",,,m,SVP,1,
Dübendorf,"Bäumle, Martin",,,m,glp,,
Dübendorf,"Besmer, Jürgen",,,m,FDP,,
Dübendorf,"Hänni, Susanne",,,w,glp,,
Dübendorf,"Hofer, Jacqueline",,,w,SVP,,
Dübendorf,"Müller, Dominic",,,m,CVP,,
Dübendorf,"Schmid, Hanspeter",,,m,BDP,,
Illnau-Effretikon,"Ueli Müller, SP",,,m,SP,,
Illnau-Effretikon,"Erika Klossner-Locher, FDP",,,w,FDP,,
Illnau-Effretikon,"Philipp Wespi, FDP",,,m,FDP,,
Illnau-Effretikon,"Marco Nuzzi, FDP",,,m,FDP,,
Illnau-Effretikon,"Erik Schmausser, GLP",,,m,glp,,
Illnau-Effretikon,"Samuel Wüst, SP",,,m,SP,,
Illnau-Effretikon,"Salome Wyss, SP",,,w,SP,,
Kloten,Huber René,,,m,SVP,1,
Kloten,Kaeser-Stöckli Regula,,,w,Grüne,,
Kloten,Wisskirchen Mark,,,m,EVP,,
Kloten,Hottinger Kurt,,,m,SVP,,
Kloten,Isler Roger,,,m,FDP,,
Kloten,Kuratli Gaby,,,w,CVP,,
Kloten,Seiler Graf Priska,,,w,SP,,
Opfikon,"Remund, Paul",,,m,FDP,1,
Opfikon,"Maurer, Bruno",,,m,SVP,,
Opfikon,"Perego, Valentin",,,m,FDP,,
Opfikon,"Kläusler-Gysin, Heidi",,,w,EVP,,
Opfikon,"Mäder, Jörg",,,m,glp,,
Opfikon,"Senti, Marc-André",,,m,SP,,
Opfikon,"Zeller, Norbert",,,m,CVP,,
Schlieren,"Bärtschiger, Markus",,,m,SP,1,
Schlieren,"Krebs, Bea",,,w,FDP,,
Schlieren,"Kriesi, Andreas",,,m,glp,,
Schlieren,"Kunz, Stefano",,,m,CVP,,
Schlieren,"Leuchtmann, Pascal",,,m,SP,,
Schlieren,"Meier, Christian",,,m,SVP,,
Schlieren,"Stiefel, Manuela",,,w,parteilos,,
Uster,Thalmann Stammbach Barbara,,,w,SP,1,
Uster,Rossier Jean-François,,,m,SVP,,
Uster,Bättig Petra,,,w,FDP,,
Uster,Bernet Patricia,,,w,SP,,
Uster,Famos Cla,,,m,FDP,,
Uster,Fehr Karin,,,w,Grüne,,
Uster,Feldmann Stefan,,,m,SP,,
Wädenswil,Kutter Philipp,,,m,CVP,1,
Wädenswil,Bischof Alexia,,,w,CVP,,
Wädenswil,Brupbacher Ernst (Grübi),,,m,BFPW,,
Wädenswil,Erni Jonas,,,m,SP,,
Wädenswil,Furrer Astrid,,,w,FDP,,
Wädenswil,Hauser Heini,,,m,SVP,,
Wädenswil,Münch Walter,,,m,FDP,,
Wetzikon (ZH),Ruedi Rüfenacht,,,m,EVP,1,
Wetzikon (ZH),Marco Martino,,,m,SVP,,
Wetzikon (ZH),Heinrich Vettiger,,,m,SVP,,
Wetzikon (ZH),Jürg Schuler,,,m,FDP,,
Wetzikon (ZH),Pascal Bassu,,,m,SP,,
Wetzikon (ZH),Susanne Sieber,,,w,FDP,,
Wetzikon (ZH),Remo Vogel,,,m,CVP,,
Winterthur,Michael Künzle,1965,,m,CVP,1,
Winterthur,Christa Meier,1972,,w,SP,,
Winterthur,Kaspar Bopp,1979,,m,SP,,
Winterthur,Barbara Günthard-Maier,1972,,w,FDP,,
Winterthur,Stefan Fritschi,1972,,m,FDP,,
Winterthur,Nicolas Galladé,1975,,m,SP,,
Winterthur,Jürg Altwegg,1970,,m,Grüne,,
Zürich,"Corine Mauch, Stadtpräsidentin",,,w,SP,1,
Zürich,Daniel Leupi,,,m,Grüne,,
Zürich,Karin Rykart,,,w,Grüne,,
Zürich,Andreas Hauri,,,m,glp,,
Zürich,Richard Wolff,,,m,AL,,
Zürich,André Odermatt,,,m,SP,,
Zürich,Michael Baumer,,,m,FDP,,
Zürich,Filippo Leutenegger,,,m,FDP,,
Zürich,Raphael Golta,,,w,SP,,
Wettswil am Albis,"Ehrsam Christoph, 1956, Dipl. Architekt HTL/SIA, Kirchgasse 53 (parteilos)",1956,,m,parteilos,,
Wettswil am Albis,"2. Keller Michael, 1971, Leiter E-Government, Im Wiesengrund 11 (parteilos)",1971,,m,parteilos,,
Wettswil am Albis,"3. Kurt Fritz, 1951, Selbst. Architekt HTL/STV, In Tüelen 14  (FDP)",1951,,m,FDP,,
Wettswil am Albis,"4. Röthlisberger Katrin, 1958, Kaufm. Angestellte, Eggächer 16  (FDP)",1958,,w,FDP,1,
Wettswil am Albis,"5. Trachsler Traugott, 1965, Landwirt, Im Grüt 10  (parteilos)",1965,,m,parteilos,,
Pfäffikon,Marco Hirzel / Gemeindepräsident,,52,m,SVP,1,
Pfäffikon,"Stefan Gubler / Ressort Finanzen, Steuern, Sicherheit",,50,m,FDP,,
Pfäffikon,"Lukas Steudler / Ressort Bau, Planung, Umwelt, Verkehr",,39,m,FDP,,
Pfäffikon,Hanspeter Hugentobler / Schulpräsident,,52,m,EVP,,
Pfäffikon,"Alex Kündig / Ressort Werke (Abfall, Abwasser, Energie, Wasser)",,60,m,EVP,,
Pfäffikon,Lukas Weiss / Ressort Soziales,,59,m,Grüne,,
Pfäffikon,"Rajka Frei / Ressort Liegenschaften, Gesundheit, Freizeit/Sport",,38,w,SVP,,
Berg am Irchel,"Roland Fehr (Gemeindepräsident, parteilos), 54 Jahre;",,54,m,parteilos,1,
Berg am Irchel,"·  Heidi Fehr (Vizepräsidentin, parteilos), 60 Jahre;",,60,w,parteilos,,
Berg am Irchel,"·  Patrick Schmid (Gemeinderat, parteilos), 45 Jahre;",,45,m,parteilos,,
Berg am Irchel,"·  Sunil Dias (Gemeinderat, parteilos), 46 Jahre;",,46,m,parteilos,,
Berg am Irchel,"·  Christoph Barth (Gemeinderat, parteilos), 49 Jahre.",,49,m,parteilos,,
Lufingen,"Badertscher, Jürg",1956,,m,SVP,,"Achtung, Partei und Jahrgang nicht zugeordnet!"
Lufingen,"Kägi, Ernst",1963,,m,SVP,,"Achtung, Partei und Jahrgang nicht zugeordnet!"
Lufingen,"Mörtl, André",1967,,m,parteilos,,"Achtung, Partei und Jahrgang nicht zugeordnet!"
Lufingen,"Schwaninger, Pia",1970,,w,parteilos,,"Achtung, Partei und Jahrgang nicht zugeordnet!"
Lufingen,"Wächter, Roger",1971,,m,parteilos,,"Achtung, Partei und Jahrgang nicht zugeordnet!"
Bülach,Mark Eberli EVP 1968,1968,,m,EVP,,
Bülach,Virginia Locher FDP 1958,1958,,w,FDP,,
Bülach,Andrea Spycher SVP 1972,1972,,w,SVP,,
Bülach,Hanspeter Lienhart SP 1956,1956,,m,SP,,
Bülach,Dr. Walter Baur SVP 1947,1947,,m,SVP,,
Bülach,Daniel Ammann FDP 1972,1972,,m,FDP,,
Bülach,Rudolf Menzi parteilos 1956,1956,,m,parteilos,,
Ottenbach,Gabriela Noser Fanger,1973,,w,parteilos,1,
Ottenbach,Ronald Alder,1969,,m,glp,,
Ottenbach,Hans Hanselmann,1955,,m,parteilos,,
Ottenbach,Yvonne Piguet,1963,,w,parteilos,,
Ottenbach,Weis Peter,1965,,m,SVP,,
Rüti (ZH),Büsser Marie-Therese,1960,,w,glp,,
Rüti (ZH),Heierle Peter,1973,,m,SVP,,
Rüti (ZH),Kapp Urs,1965,,m,EVP,,
Rüti (ZH),Luginbühl Peter,1962,,m,FDP,,
Rüti (ZH),Lehmann Claudia,1970,,w,SP,,
Rüti (ZH),Meier Rudolf,1951,,m,FDP,,
Rüti (ZH),Müller Fehlmann Carmen,1953,,w,SP,,
Rüti (ZH),Thoma Christa,1969,,w,CVP,,
Rüti (ZH),Weidinger Peter,1966,,m,CVP,,
Otelfingen,"Barbara Schaffner, Gemeindepräsidentin, 1968, grünlibarale Partei",1968,,w,glp,,
Otelfingen,"Urs Scheidegger, 1977, FDP",1977,,m,FDP,,
Otelfingen,"Franz Strub, 1960, parteilos",1960,,m,parteilos,,
Otelfingen,"Marco Ackermann, 1978, SVP",1978,,m,SVP,,
Otelfingen,"Reto Dürler, 1964, SVP",1964,,m,SVP,,
Otelfingen,"Michael Roth, 1975, parteilos",1975,,m,parteilos,,
Grüningen,"Wiedemer, Carlo, SVP , 1973 Gemeindepräsident",1973,,m,SVP,1,
Grüningen,"Pfister, Walter, FDP, 1953",1956,,m,FDP,,
Grüningen,"Marconi, Rubino, FDP, 1949",1949,,m,FDP,,
Grüningen,"Gutknecht, Susanne, parteilos, 1966",1966,,w,parteilos,,
Grüningen,"Jenny, Martin, SVP, 1968",1968,,m,SVP,,
Grüningen,"Steinegger, Sascha-Max, FDP, 1969",1969,,m,FDP,,
Grüningen,"Spring, Andreas, SVP, 1971",1971,,m,SVP,,
Kleinandelfingen,"Peter Stoll 1962, SVP",1962,,m,SVP,,
Kleinandelfingen,"Roger Keller-Gromann 1971, SVP",1971,,m,SVP,,
Kleinandelfingen,"Susanne Eigenheer 1971, parteilos",1971,,w,parteilos,,
Kleinandelfingen,"Linda Mathis-Hegg 1969, FDP",1969,,w,FDP,,
Kleinandelfingen,"David Stäheli 1977, parteilos",1977,,m,parteilos,,
Oberengstringen,"Beck, René
Tiefbau- und Hochbau",1960,,m,CVP,,
Oberengstringen,"Bender, André
Gemeindepräsident",1962,,m,SVP,,
Oberengstringen,"Bruppacher, Jürg
Finanzvorstand",1959,,m,CVP,,
Oberengstringen,"Leuch, Kurt
Vize-Präsident",1959,,m,PFE (Politisches Forum Engstringen),,
Oberengstringen,"Leupi, Andreas
Sicherheitsvorstand",1996,,m,SVP,,
Oberengstringen,"von Atzigen, Elsbeth
Präsidentin Schulpflege",1960,,w,parteilos,,
Oberengstringen,"Weber, Jean Fritz
Liegenschaftenvorstand",1953,,m,SVP,,
Trüllikon,Claudia Gürtler 1967 Gemeindepräsidentin,1967,,w,parteilos,1,
Trüllikon,Manfred Löffler 1955 Gemeinderat,1955,,m,parteilos,,
Trüllikon,Judith Waser 1962 Gemeinderätin  BDP,1962,,w,BDP,,
Trüllikon,Sven Kollbrunner 1988 Gemeinderat  SVP,1988,,m,SVP,,
Trüllikon,Manuel Frei 1991 Gemeinderat,1991,,m,parteilos,,
Dachsen,Martin Alder: 1973,1973,,m,parteilos,,
Dachsen,-  Rolf Hofer: 1961,1961,,m,parteilos,,
Dachsen,-  Daniel Meister: 1964,1964,,m,parteilos,,
Dachsen,-  Daniel Schmid:1968,1968,,m,glp,,
Dachsen,-  Beat Weingarten: 1964,1964,,m,parteilos,,
Altikon,Reinli Sandra,1960,,w,SVP,1,Achtung: Partei und Jahrgang nicht zugeordnet!
Altikon,Ramseier Beat,1969,,m,SVP,,Achtung: Partei und Jahrgang nicht zugeordnet!
Altikon,Schenk Roland,1971,,m,parteilos,,Achtung: Partei und Jahrgang nicht zugeordnet!
Altikon,Schälchli Werner,1971,,m,parteilos,,Achtung: Partei und Jahrgang nicht zugeordnet!
Altikon,Herrmann Andreas,1982,,m,parteilos,,Achtung: Partei und Jahrgang nicht zugeordnet!
Altikon,Widmer Manfred,1974,,m,parteilos,,Achtung: Partei und Jahrgang nicht zugeordnet!
Knonau,Esther Breitenmoser,,,w,parteilos,1,
Knonau,Rico Roth,,,m,parteilos,,
Knonau,Dominik Stöckli,,,m,parteilos,,
Knonau,Marcel Bosshart,,,m,parteilos,,
Knonau,Marianne Domeisen,,,w,parteilos,,
Knonau,Nathanaël Wenger,,,m,parteilos,,
Geroldswil,"Veronika Neubauer, Sozial- und Gesundheitsvorständin - SVP",,,w,SVP,1,
Geroldswil,"§  Martin Conrad, Sicherheitsvorstand - SVP",,,m,SVP,,
Geroldswil,"§  Peter Christen, Liegenschaftenvorstand - FDP",,,m,FDP,,
Geroldswil,"§  Peter Vogel, Hochbauvorstand - FDP",,,m,FDP,,
Geroldswil,"§  Andreas Gabi, Tiefbau-/Werkvorstand - FDP",,,m,FDP,,
Geroldswil,"§  Paul Albrecht, Finanzvorstand - parteilos",,,m,parteilos,,
Geroldswil,"§  Michael Deplazes, Gemeindepräsident – parteilos",,,m,parteilos,,
Stammheim,"Beatrice Ammann, Gemeindepräsidentin, 1962, parteilos",1962,,w,parteilos,1,
Stammheim,"Ilona Diriwächter, 1967, parteilos",1967,,w,parteilos,,
Stammheim,"Martin Farner, 1961, SVP",1961,,m,SVP,,
Stammheim,"Anita Fleury, 1958, parteilos",1958,,w,parteilos,,
Stammheim,"Hansruedi Langhart, 1968, SVP",1968,,m,SVP,,
Stammheim,"Urs Ulrich, 1960, FDP",1960,,m,FDP,,
Dielsdorf,"Andreas Denz, Präsident, geb. 1963, parteilos",1963,,m,parteilos,1,
Dielsdorf,"Barbara Dittli, geb. 1974, parteilos",1974,,w,parteilos,,
Dielsdorf,"Severin Huber, geb. 1968, FDP",1968,,m,FDP,,
Dielsdorf,"Rolf Meier, geb. 1959, SVP",1959,,m,SVP,,
Dielsdorf,"Roberta Schlindwein, geb. 1966, parteilos",1966,,w,parteilos,,
Dielsdorf,"Ruben Schmid, geb. 1972, parteilos",1972,,m,parteilos,,
Horgen,"Theo Leuthold, Gemeindepräsident (1952), SVP",1952,,m,SVP,1,
Horgen,"Daniela Mosbacher, Vizepräsidentin (1959), FDP",1959,,w,FDP,,
Horgen,"Hans-Peter Brunner (1955), FDP",1955,,m,CVP,,
Horgen,"Gerda Koller (1960), CVP",1960,,w,CVP,,
Horgen,"Carla Loretz, Schulpräsidentin (1979), parteilos",1979,,w,parteilos,,
Horgen,"Beat Nüesch (1965), FDP",1965,,m,FDP,,
Horgen,"Joggi Riedtmann (1955), SP",1955,,m,SP,,
Horgen,"Markus Uhlmann (1965), GLP",1965,,m,glp,,
Horgen,"Peter Wirth (1957), parteilos.",1987,,m,parteilos,,
Hedingen,Fornaro Ruedi (Präsident),,,m,FDP,1,
Hedingen,Doppler Nicole (Vizepräsidentin),,,w,FDP,,
Hedingen,Erni Christine (Mitglied),,,w,FDP,,
Hedingen,Hafner Claude (Mitglied),,,m,SVP,,
Hedingen,Schneider Roland (Mitglied),,,m,parteilos,,Schulpflege
Humlikon,Meisterhans Marcel,,,m,parteilos,1,
Humlikon,Dunker Wolfgang,,,m,parteilos,,
Humlikon,Streiff Florian,,,m,parteilos,,
Humlikon,Reimann Sacha,,,m,parteilos,,
Humlikon,Gross Andreas,,,m,SVP,,
Niederglatt,"Gemeindepräsident Stefan Schmid. Jahrgang: 1976, Partei: SVP",1976,,m,SVP,,
Niederglatt,"Gemeinderätin Rita Ammann. Jahrgang: 1958, Partei: FDP",1958,,w,FDP,,
Niederglatt,"Gemeinderat Peter Balsiger. Jahrgang: 1956, Partei: SVP",1956,,m,SVP,,
Niederglatt,"Gemeinderat Klemens Kaufmann. Jahrgang: 1972, Partei: CVP",1972,,m,CVP,,
Niederglatt,"Gemeinderat Urban Rosenberg. Jahrgang: 1966, Partei: parteilos",1966,,m,parteilos,,
Niederglatt,"Gemeinderat Christian Stoll. Jahrgang: 1963, Partei: SVP",1963,,m,SVP,,
Niederglatt,"Gemeinderat Peter Zürcher. Jahrgang: 1963, Partei: FDP",1963,,m,FDP,,
Fischenthal,Dillier Barbara,,,w,parteilos,,
Fischenthal,Lazzarotto Hans,,,m,parteilos,,
Fischenthal,Pfeiffer Rudolf,,,m,parteilos,,
Fischenthal,Schaufelberger Elmar,,,m,parteilos,,
Fischenthal,Zürcher Matthias,,,m,parteilos,,
Fischenthal,Friess Johannes,,,m,parteilos,,
Obfelden,Ammann Thomas,,,m,parteilos,1,
Obfelden,Kobel Christoph,,,m,parteilos,,
Obfelden,Egger Isabelle,,,w,parteilos,,
Obfelden,Hinners Stephan,,,m,parteilos,,
Obfelden,Kurt Werner,,,m,parteilos,,
Obfelden,Marty Franziska,,,w,parteilos,,
Obfelden,Schönbächler Marcel,,,m,parteilos,,
Rifferswil,"Decrusch, Charlotte",,,w,parteilos,1,
Rifferswil,"Jäggi, Walter",,,m,parteilos,,
Rifferswil,"Lüchinger, Katja",,,w,parteilos,,
Rifferswil,"Lüthi, Christoph",,,m,parteilos,,
Rifferswil,"Salzmann, Marlies",,,w,parteilos,,
Rifferswil,"Strasky, Claudia",,,w,parteilos,,
Rifferswil,"Walter, Hugo",,,m,parteilos,,
Wasterkingen,Peter Zuberbühler,,,m,parteilos,1,
Wasterkingen,Rico Ammann,,,m,parteilos,,
Wasterkingen,Rolf Meyer,,,m,parteilos,,
Wasterkingen,Markus Ott,,,m,parteilos,,
Wasterkingen,Patrick Wyss,,,m,parteilos,,
Oberglatt,"Reinhard Hofmann, 1963, parteilos",1963,,m,parteilos,,
Oberglatt,"Roger Rauper, 1978, parteilos",1978,,m,parteilos,,
Oberglatt,"Erwin Rüegg, 1968, parteilos",1968,,m,parteilos,,
Oberglatt,"Hans Stirnimann, 1959, parteilos",1959,,m,parteilos,,
Oberglatt,"Ernst von Euw, 1952, FDP",1952,,m,FDP,,
Oberglatt,"Karin Zenger, 1967, parteilos",1967,,w,parteilos,,
Oberglatt,"Nalan Seifeddini, 1974, parteilos",1974,,w,glp,,Laut Website glp
Rümlang,"Meier-Neves, Peter SVP",,,m,SVP,1,
Rümlang,"Oberli, Michaela SVP",,,w,SVP,,
Rümlang,"Giuliani, Nadja EVP",,,w,EVP,,
Rümlang,"Buchli, Rosita SVP",,,w,SVP,,
Rümlang,"Huber, Thomas FDP",,,m,FDP,,
Rümlang,"Lee, Corinne SP",,,w,SP,,
Rümlang,"Niesper, Roland SP",,,m,SP,,
Fehraltorf,"Muff Anton (Präsident), 1964, DGF",1964,,m,DGF,1,
Fehraltorf,"Bögli Christof (Mitglied), 1960, FDP",1960,,m,FDP,,
Fehraltorf,"Evangelisti Carmen (Mitglied), 1966, FDP",1966,,w,FDP,,
Fehraltorf,"Hubmann Verena (Mitglied), 1965, DGF",1965,,w,DGF,,
Fehraltorf,"Lüthi Andreas (Mitglied), 1957, SVP",1957,,m,SVP,,
Fehraltorf,"Schmid Fritz (Mitglied), 1955, keine Parteizugehörigkeit",1955,,m,parteilos,,
Regensberg,Turkawka Gregory,,,m,parteilos,,
Regensberg,Pek Lubos,,,m,parteilos,,
Regensberg,Jakobovic Payot Miljenka,,,w,parteilos,,
Regensberg,Vogel Sabina,,,w,parteilos,,
Regensberg,Gygax Ralph,,,m,parteilos,,